название;цена;ссылка
Сотовый телефон BRAVIS Light черный;;https://www.kivano.kg//images/product/27136/27136.jpg
Сотовый телефон BRAVIS A552 Joy Max серый;;https://www.kivano.kg//images/product/40706/40706.jpg
Сотовый телефон BRAVIS Next черный;;https://www.kivano.kg//images/product/27139/27139.jpg
Сотовый телефон BRAVIS Trend черный;;https://www.kivano.kg//images/product/27142/27142.jpg
Сотовый телефон BRAVIS Trend белый;;https://www.kivano.kg//images/product/27143/27143.jpg
Сотовый телефон Philips Xenium V526 LTE синий;;https://www.kivano.kg//images/product/27150/27150.jpg
Сотовый телефон BRAVIS A504 Trace черный;;https://www.kivano.kg//images/product/39000/39000.jpg
Сотовый телефон BRAVIS A504 Trace золотой;;https://www.kivano.kg//images/product/39001/39001.jpg
Сотовый телефон BRAVIS A504 Trace белый;;https://www.kivano.kg//images/product/39002/39002.jpg
Сотовый телефон Philips S326 серый;;https://www.kivano.kg//images/product/39006/39006.jpg
Сотовый телефон BRAVIS A505 Joy Plus белый;;https://www.kivano.kg//images/product/40544/40544.jpg
Сотовый телефон Ergo A551 Sky синий;;https://www.kivano.kg///avatars.mds.yandex.net/get-mpic/96484/img_id7837171693509932706/9
Сотовый телефон Apple iPhone 13 Pro Max 256GB графитовый;;https://www.kivano.kg//images/product/97929/1631814606_50121700.jpg
Сотовый телефон Apple iPhone 13 Pro Max 256GB серебристый;;https://www.kivano.kg//images/product/97933/1631815040_09605500.jpg
Сотовый телефон Apple iPhone 13 Pro Max 256GB золотой;;https://www.kivano.kg//images/product/97937/1631815413_16996800.jpg
Сотовый телефон Apple iPhone 13 Pro Max 256GB синий;;https://www.kivano.kg//images/product/97941/1631815819_31816700.jpg
Сотовый телефон ASUS Fonepad Note 6 16Gb черный;;https://www.kivano.kg//images/product/31395/31395.jpg
Смартфон iLife itell S500S серебристый;;https://www.kivano.kg//images/product/19401/19401.jpg
Сотовый телефон BRAVIS A503 Joy черный;;https://www.kivano.kg//images/product/34265/34265.jpg
Сотовый телефон BRAVIS A503 Joy золотой;;https://www.kivano.kg//images/product/34266/34266.jpg
Сотовый телефон BRAVIS A503 Joy белый;;https://www.kivano.kg//images/product/34267/34267.jpg
Сотовый телефон Xiaomi Mi 11 Lite 5G 8/128GB черный;;https://www.kivano.kg//images/product/92416/1635945551_75038600.jpg
Сотовый телефон Nokia 5310 (2020) Dual Sim черный;;https://www.kivano.kg//images/product/85254/1603132115_66857000.jpg
Сотовый телефон Nokia 5310 (2020) Dual Sim белый;;https://www.kivano.kg//images/product/85255/1603132141_84330700.jpg
Сотовый телефон Xiaomi Mi 11 Lite 6/128GB розовый;;https://www.kivano.kg//images/product/91399/1619364564_04035900.jpg
Сотовый телефон Philips Xenium E109 черный;;https://www.kivano.kg//images/product/69896/69896.jpg
Сотовый телефон Apple iPhone 12 64GB черный;;https://www.kivano.kg//images/product/85003/1643526873_27621600.png
Сотовый телефон Xiaomi Redmi 9C 4/128GB серый;;https://www.kivano.kg//images/product/95755/1627654600_03946800.jpg
Сотовый телефон Samsung Galaxy Note 20 Ultra 5G 12/256GB белый;;https://www.kivano.kg//images/product/95756/1627808224_15778300.jpg
Сотовый телефон Xiaomi Redmi 10 4/128GB серый;;https://www.kivano.kg//images/product/97292/1630854310_48805900.jpg
Сотовый телефон Apple iPhone 12 128GB черный;;https://www.kivano.kg//images/product/85005/1643526274_78712300.png
Сотовый телефон Samsung Galaxy Note 20 Ultra 5G 12/256GB черный;;https://www.kivano.kg//images/product/95757/1627808275_13416200.jpg
Сотовый телефон Samsung Galaxy Note 20 Ultra 5G 12/256GB бронзовый;;https://www.kivano.kg//images/product/95758/1627808340_15191000.jpg
Сотовый телефон Xiaomi Redmi 10 4/64GB синий;;https://www.kivano.kg//images/product/97294/1630854577_55077100.jpg
Сотовый телефон Apple iPhone 12 64GB красный;;https://www.kivano.kg//images/product/85008/1643526957_61919400.png
Сотовый телефон Apple iPhone 12 128GB красный;;https://www.kivano.kg//images/product/85009/1643526318_80444300.png
Сотовый телефон Apple iPhone 12 128GB синий;;https://www.kivano.kg//images/product/85012/1643526361_96879600.png
Сотовый телефон Samsung Galaxy A22 (2021) 128GB (SM-A225F/DS) мятный;;https://www.kivano.kg//images/product/95764/1627818418_68855100.jpg
Сотовый телефон Apple iPhone 12 128GB зеленый;;https://www.kivano.kg//images/product/85013/1643526404_67562500.png
Сотовый телефон Samsung Galaxy A22 (2021) 128GB (SM-A225F/DS) белый;;https://www.kivano.kg//images/product/95765/1627818457_91066900.jpg
Сотовый телефон Apple iPhone 12 128GB белый;;https://www.kivano.kg//images/product/85014/1643526452_17028900.png
Сотовый телефон Samsung Galaxy A22 (2021) 64GB (SM-A225F/DS) мятный;;https://www.kivano.kg//images/product/95766/1627818742_07122600.jpg
Сотовый телефон Apple iPhone 12 64GB белый;;https://www.kivano.kg//images/product/85015/1643527021_01748000.png
Сотовый телефон Samsung Galaxy A22 (2021) 64GB (SM-A225F/DS) белый;;https://www.kivano.kg//images/product/95767/1627818796_21631200.jpg
Сотовый телефон Xiaomi Redmi Note 10S 6/128GB белый;;https://www.kivano.kg//images/product/93208/1622209985_27205300.jpg
Сотовый телефон Samsung Galaxy A03s (2021) 4/64GB (SM-A037F/DS) черный;;https://www.kivano.kg//images/product/98072/1632163066_89827900.jpg
Сотовый телефон Apple iPhone 12 64GB синий;;https://www.kivano.kg//images/product/85017/1643527053_04405300.png
Сотовый телефон Xiaomi Redmi Note 10S 6/128GB черный;;https://www.kivano.kg//images/product/93209/1622210076_99878100.jpg
Сотовый телефон Samsung Galaxy A03s (2021) 4/64GB (SM-A037F/DS) синий;;https://www.kivano.kg//images/product/98073/1632163155_14417700.jpg
Сотовый телефон Xiaomi Redmi Note 10S NFC 6/64GB голубой;;https://www.kivano.kg//images/product/102425/1641976489_84802000.jpg
Сотовый телефон Samsung Galaxy A03s (2021) 4/64GB (SM-A037F/DS) белый;;https://www.kivano.kg//images/product/98074/1632163338_71208600.jpg
Сотовый телефон Xiaomi Redmi Note 9 Pro 6/128GB серый;;https://www.kivano.kg//images/product/79899/1591027059_60767600.jpg
Сотовый телефон Realme C21Y 4/64GB черный;;https://www.kivano.kg//images/product/98075/1632164535_18704200.jpg
Сотовый телефон Nokia 230 Dual Sim белый;;https://www.kivano.kg//images/product/42779/42779.jpg
Сотовый телефон Apple iPhone 12 64GB зеленый;;https://www.kivano.kg//images/product/85020/1643527091_27778200.png
Сотовый телефон Samsung Galaxy M12 4/64GB (SM-M127F) зеленый;;https://www.kivano.kg//images/product/99872/1635925433_21121800.jpg
Сотовый телефон Samsung Galaxy M12 4/64GB (SM-M127F) голубой;;https://www.kivano.kg//images/product/99873/1635925597_26729000.jpg
Сотовый телефон Xiaomi Mi 11 Lite 5G 8/128GB желтый;;https://www.kivano.kg//images/product/99874/1635944193_80208000.jpg
Сотовый телефон Xiaomi Mi 11 Lite 5G 8/128GB мятный;;https://www.kivano.kg//images/product/99875/1635943676_15629500.jpg
Сотовый телефон Xiaomi Poco X3 Pro 8/256GB черный;;https://www.kivano.kg//images/product/92970/1621833636_47952900.jpg
Сотовый телефон Apple iPhone 11 64GB фиолетовый;;https://www.kivano.kg//images/product/72491/72491.jpg
Сотовый телефон Xiaomi Redmi Note 11S 6/128GB синий;;https://www.kivano.kg//images/product/103211/1644314909_80676000.jpg
Сотовый телефон Apple iPhone 11 128GB фиолетовый;;https://www.kivano.kg//images/product/72492/72492.jpg
Сотовый телефон Itel it5250 серый;;https://www.kivano.kg//images/product/94508/1624296720_36219100.jpg
Сотовый телефон Xiaomi Redmi Note 11S 6/128GB серый;;https://www.kivano.kg//images/product/103212/1644315038_08605300.jpg
Сотовый телефон Apple iPhone 11 256GB фиолетовый;;https://www.kivano.kg//images/product/72493/72493.jpg
Сотовый телефон Itel it5250 голубой;;https://www.kivano.kg//images/product/94509/1624296771_33946700.jpg
Сотовый телефон Xiaomi Redmi Note 11S 6/64GB серый;;https://www.kivano.kg//images/product/103213/1644315300_18447500.jpg
Сотовый телефон Apple iPhone 11 64GB зеленый;;https://www.kivano.kg//images/product/72494/72494.jpg
Сотовый телефон Itel it5022 черный;;https://www.kivano.kg//images/product/94510/1624297389_41403600.jpg
Сотовый телефон Apple iPhone 11 128GB зеленый;;https://www.kivano.kg//images/product/72495/72495.jpg
Сотовый телефон Xiaomi Redmi Note 9 Pro 6/128GB белый;;https://www.kivano.kg//images/product/79920/1591125555_97466400.jpg
Сотовый телефон Xiaomi 11T 8/128GB голубой;;https://www.kivano.kg//images/product/101936/1640702993_52034600.jpg
Сотовый телефон Apple iPhone 11 64GB желтый;;https://www.kivano.kg//images/product/72497/72497.jpg
Сотовый телефон Xiaomi Poco M4 Pro 5G 4/64Gb синий;;https://www.kivano.kg//images/product/101937/1640705458_08813300.png
Сотовый телефон Apple iPhone 11 128GB желтый;;https://www.kivano.kg//images/product/72498/72498.jpg
Сотовый телефон Xiaomi Poco M4 Pro 5G 4/64Gb желтый;;https://www.kivano.kg//images/product/101938/1640705474_74955600.png
Сотовый телефон Xiaomi Redmi Note 10 5G 4/64GB синий;;https://www.kivano.kg//images/product/95283/1626115245_78651400.jpg
Сотовый телефон Xiaomi Poco M4 Pro 5G 6/128Gb синий;;https://www.kivano.kg//images/product/101939/1640705488_02718600.png
Сотовый телефон Apple iPhone 11 64GB белый;;https://www.kivano.kg//images/product/72500/72500.jpg
Сотовый телефон Apple iPhone 11 128GB белый;;https://www.kivano.kg//images/product/72501/72501.jpg
Сотовый телефон Xiaomi Redmi Note 11 4/64GB серый;;https://www.kivano.kg//images/product/102965/1643478422_63941400.jpg
Сотовый телефон Xiaomi Redmi Note 11 4/64GB белый;;https://www.kivano.kg//images/product/102966/1643478456_46078900.jpg
Сотовый телефон Apple iPhone 11 64GB красный;;https://www.kivano.kg//images/product/72503/72503.jpg
Сотовый телефон Samsung Galaxy S20FE (Fan Edition) 128GB (SM-G780F/DS) красный;;https://www.kivano.kg//images/product/85815/1604989934_06729100.jpeg
Сотовый телефон Xiaomi Redmi Note 11 4/64GB синий;;https://www.kivano.kg//images/product/102967/1644472868_27682200.png
Сотовый телефон Apple iPhone 11 128GB красный;;https://www.kivano.kg//images/product/72504/72504.jpg
Сотовый телефон Inoi 242 черный;;https://www.kivano.kg//images/product/80696/1592852360_42921100.jpg
Сотовый телефон Xiaomi Redmi Note 11 4/128GB серый;;https://www.kivano.kg//images/product/102968/1643478748_98003500.jpg
Сотовый телефон Samsung Galaxy S20FE (Fan Edition) 128GB (SM-G780F/DS) белый;;https://www.kivano.kg//images/product/85817/1604990165_78760100.jpg
Сотовый телефон Samsung Galaxy S21 Ultra 5G 12/128GB Dual SIM (SM-G998B/DS) серебристый фантом;;https://www.kivano.kg//images/product/89657/1615067352_60810100.jpg
Сотовый телефон Xiaomi Redmi Note 11 4/128GB белый;;https://www.kivano.kg//images/product/102969/1643478762_66145700.jpg
Сотовый телефон Xiaomi Redmi Note 11 4/128GB синий;;https://www.kivano.kg//images/product/102970/1644473154_79973100.png
Сотовый телефон Samsung Galaxy S20FE (Fan Edition) 128GB (SM-G780F/DS) оранжевый;;https://www.kivano.kg//images/product/85819/1604991230_16215400.jpg
Сотовый телефон Xiaomi Poco F3 NFC 8/128GB черный;;https://www.kivano.kg//images/product/102971/1643480731_30107100.jpg
Сотовый телефон Samsung Galaxy S20FE (Fan Edition) 128GB (SM-G780F/DS) синий;;https://www.kivano.kg//images/product/85820/1604991730_25330700.jpeg
Сотовый телефон Xiaomi 11T 8/256GB серый;;https://www.kivano.kg//images/product/102972/1643481482_18775500.jpg
Сотовый телефон Xiaomi Redmi 9A 2/32GB голубой;;https://www.kivano.kg//images/product/81981/1595752806_94536000.jpg
Сотовый телефон Samsung Galaxy S20FE (Fan Edition) 128GB (SM-G780F/DS) мятный;;https://www.kivano.kg//images/product/85821/1604991894_97070900.jpg
Сотовый телефон Samsung Galaxy A52 (2021) 8/256GB (SM-A525F/DS) белый;;https://www.kivano.kg//images/product/93245/1622452316_62635800.jpg
Сотовый телефон Xiaomi Poco F3 NFC 8/256GB серебристый;;https://www.kivano.kg//images/product/102973/1643609284_57173800.jpg
Сотовый телефон Samsung Galaxy S20FE (Fan Edition) 128GB (SM-G780F/DS) лавандовый;;https://www.kivano.kg//images/product/85822/1604992021_80644300.jpg
Сотовый телефон Samsung Galaxy A52 (2021) 8/256GB (SM-A525F/DS) черный;;https://www.kivano.kg//images/product/93246/1622452444_73262200.jpg
Сотовый телефон Samsung Galaxy Z Fold3 (2021) 256GB (SM-F926F/DS) черный;;https://www.kivano.kg//images/product/99646/1635253753_81918100.jpg
Сотовый телефон Apple iPhone 11 Pro Max 512GB серый космос;;https://www.kivano.kg//images/product/72511/72511.jpg
Сотовый телефон Samsung Galaxy A52 (2021) 8/256GB (SM-A525F/DS) голубой;;https://www.kivano.kg//images/product/93247/1622452637_58439600.jpg
Сотовый телефон Samsung Galaxy Z Fold3 (2021) 256GB (SM-F926F/DS) зеленый;;https://www.kivano.kg//images/product/99647/1635253800_41263900.jpg
Сотовый телефон Samsung Galaxy A52 (2021) 8/256GB (SM-A525F/DS) лавандовый;;https://www.kivano.kg//images/product/93248/1622452799_37373800.jpg
Сотовый телефон Samsung Galaxy Z Fold3 (2021) 256GB (SM-F926F/DS) серебристый;;https://www.kivano.kg//images/product/99648/1635253849_63946700.jpg
Сотовый телефон Samsung Galaxy A22 (2021) 64GB (SM-A225F/DS) фиолетовый;;https://www.kivano.kg//images/product/102976/1643611972_14110900.jpg
Сотовый телефон Samsung Galaxy Z Fold3 (2021) 512GB (SM-F926F/DS) черный;;https://www.kivano.kg//images/product/99649/1635253960_87995700.jpg
Сотовый телефон Samsung Galaxy Z Fold3 (2021) 512GB (SM-F926F/DS) зеленый;;https://www.kivano.kg//images/product/99650/1635254001_67632000.jpg
Сотовый телефон Samsung Galaxy Z Fold3 (2021) 512GB (SM-F926F/DS) серебристый;;https://www.kivano.kg//images/product/99651/1635254047_07697400.jpg
Сотовый телефон Oppo A12 3/32GB черный;;https://www.kivano.kg//images/product/88645/1612701244_62722900.jpg
Сотовый телефон Xiaomi Redmi 9C 4/128GB зеленый;;https://www.kivano.kg//images/product/102469/1642071660_13975400.jpg
Сотовый телефон Xiaomi Poco F3 NFC 6/128GB белый;;https://www.kivano.kg//images/product/95302/1626166204_20852900.jpg
Сотовый телефон Apple iPhone 12 mini 64GB белый;;https://www.kivano.kg//images/product/85067/1602753442_03293500.jpg
Сотовый телефон Apple iPhone 12 mini 64GB черный;;https://www.kivano.kg//images/product/85068/1602753584_36025700.jpg
Сотовый телефон Apple iPhone 12 mini 64GB зеленый;;https://www.kivano.kg//images/product/85069/1602753743_12628800.jpg
Сотовый телефон Apple iPhone 12 mini 64GB синий;;https://www.kivano.kg//images/product/85070/1602754277_88018700.jpg
Сотовый телефон Apple iPhone 12 mini 64GB красный;;https://www.kivano.kg//images/product/85071/1602754455_98875600.jpg
Сотовый телефон Apple iPhone 12 mini 128GB белый;;https://www.kivano.kg//images/product/85072/1602756540_31165100.jpg
Сотовый телефон Nokia 6300 4G;;https://www.kivano.kg//images/product/95568/1627034860_10196500.jpg
Сотовый телефон Apple iPhone 12 mini 128GB красный;;https://www.kivano.kg//images/product/85074/1602756664_73328700.jpg
Сотовый телефон Xiaomi Mi 11 Lite 6/128GB синий;;https://www.kivano.kg//images/product/90706/1617433499_77011700.jpg
Сотовый телефон Xiaomi Mi 11 Lite 6/128GB черный;;https://www.kivano.kg//images/product/90707/1617433569_97588400.jpg
Сотовый телефон Samsung Galaxy A52 (2021) 6/128GB (SM-A525F/DS) белый;;https://www.kivano.kg//images/product/93269/1622463402_33422800.jpg
Сотовый телефон Xiaomi Redmi Note 9 Pro 6/128GB тропический зеленый;;https://www.kivano.kg//images/product/79958/1591194328_56970400.jpg
Сотовый телефон Apple iPhone 12 mini 128GB синий;;https://www.kivano.kg//images/product/85078/1602756800_65993800.jpg
Сотовый телефон Samsung Galaxy A52 (2021) 6/128GB (SM-A525F/DS) голубой;;https://www.kivano.kg//images/product/93270/1622463460_84888000.jpg
Сотовый телефон Samsung Galaxy A52 (2021) 6/128GB (SM-A525F/DS) лавандовый;;https://www.kivano.kg//images/product/93271/1622463511_79414900.jpg
Сотовый телефон Apple iPhone 12 mini 128GB зеленый;;https://www.kivano.kg//images/product/85080/1602756898_89339900.jpg
Сотовый телефон Samsung Galaxy A52 (2021) 6/128GB (SM-A525F/DS) черный;;https://www.kivano.kg//images/product/93272/1622463661_28486700.jpg
Сотовый телефон Apple iPhone 12 mini 128GB черный;;https://www.kivano.kg//images/product/85082/1602756982_20506100.jpg
Сотовый телефон Apple iPhone 13 mini 128GB сияющая звезда;;https://www.kivano.kg//images/product/97882/1631799409_77089100.jpg
Сотовый телефон Apple iPhone 13 mini 128GB розовый;;https://www.kivano.kg//images/product/97885/1631799947_24727700.jpg
Сотовый телефон Samsung Galaxy Z Flip3 (2021) 8/128GB (SM-F711B) черный;;https://www.kivano.kg//images/product/99677/1635327983_14651700.jpg
Сотовый телефон Xiaomi Redmi Note 10S 6/64GB голубой;;https://www.kivano.kg//images/product/93022/1621883224_91619300.jpg
Сотовый телефон Samsung Galaxy Z Flip3 (2021) 8/128GB (SM-F711B) бежевый;;https://www.kivano.kg//images/product/99678/1635328101_09979000.jpg
Сотовый телефон Samsung Galaxy Z Flip3 (2021) 8/128GB (SM-F711B) зеленый;;https://www.kivano.kg//images/product/99679/1635328154_82971400.jpg
Сотовый телефон Apple iPhone 13 mini 128GB синий;;https://www.kivano.kg//images/product/97888/1631800302_74192400.jpg
Сотовый телефон Apple iPhone 13 mini 128GB полуночный;;https://www.kivano.kg//images/product/97891/1631800703_11997700.jpg
Сотовый телефон Samsung Galaxy Z Flip3 (2021) 8/128GB (SM-F711B) лавандовый;;https://www.kivano.kg//images/product/99685/1635330263_37144500.jpg
Сотовый телефон Samsung Galaxy A22 5G 4/64GB черный;;https://www.kivano.kg//images/product/102245/1641374645_82100300.jpg
Сотовый телефон Apple iPhone 13 mini 128GB красный;;https://www.kivano.kg//images/product/97894/1631801042_71534000.jpg
Сотовый телефон Apple iPhone 11 Pro Max 512GB серебристый;;https://www.kivano.kg//images/product/72552/72552.jpg
Сотовый телефон Apple iPhone 13 128GB красный;;https://www.kivano.kg//images/product/97897/1631808085_26488000.jpg
Сотовый телефон Nokia 216 Dual Sim;;https://www.kivano.kg///avatars.mds.yandex.net/get-mpic/200316/img_id3873745026592832244/9
Сотовый телефон Xiaomi Redmi Note 10S 6/64GB черный;;https://www.kivano.kg//images/product/93290/1622501264_72553400.jpg
Сотовый телефон Apple iPhone 13 256GB красный;;https://www.kivano.kg//images/product/97898/1631808163_19486100.jpg
Сотовый телефон Xiaomi Redmi 9A 2/32GB зеленый;;https://www.kivano.kg//images/product/82539/1597087470_22009200.jpg
Сотовый телефон Xiaomi Redmi Note 10S 6/64GB белый;;https://www.kivano.kg//images/product/93291/1622501314_35391400.jpg
Сотовый телефон Apple iPhone 13 128GB синий;;https://www.kivano.kg//images/product/97900/1631808440_79057200.jpg
Сотовый телефон Apple iPhone 13 256GB синий;;https://www.kivano.kg//images/product/97901/1631808460_05048700.jpg
Сотовый телефон Apple iPhone 11 Pro Max 512GB золотой;;https://www.kivano.kg//images/product/72558/72558.jpg
Сотовый телефон Xiaomi Redmi Note 8 (2021) 4/64Gb черный;;https://www.kivano.kg//images/product/93294/1622503968_55572400.jpg
Сотовый телефон Apple iPhone 13 128GB полуночный;;https://www.kivano.kg//images/product/97903/1631808729_32480300.jpg
Сотовый телефон Apple iPhone 13 256GB полуночный;;https://www.kivano.kg//images/product/97904/1631808749_52759400.jpg
Сотовый телефон Xiaomi Redmi Note 10 4/64GB белый;;https://www.kivano.kg//images/product/90226/1616263107_69495000.jpg
Сотовый телефон Apple iPhone 13 128GB сияющая звезда;;https://www.kivano.kg//images/product/97906/1631809004_80505000.jpg
Сотовый телефон Xiaomi Redmi Note 10 4/64GB зеленый;;https://www.kivano.kg//images/product/90227/1616263159_78446200.jpg
Сотовый телефон Apple iPhone 13 256GB сияющая звезда;;https://www.kivano.kg//images/product/97907/1631809025_40225100.jpg
Сотовый телефон Apple iPhone 11 Pro Max 512GB темно-зеленый;;https://www.kivano.kg//images/product/72564/72564.jpg
Сотовый телефон Xiaomi Redmi Note 10 4/64GB серый;;https://www.kivano.kg//images/product/90228/1616263190_57475500.jpg
Сотовый телефон Apple iPhone 13 128GB розовый;;https://www.kivano.kg//images/product/97909/1631809348_37875500.jpg
Сотовый телефон Philips Xenium E182;;https://www.kivano.kg//images/product/70774/70774.jpg
Сотовый телефон Apple iPhone 13 256GB розовый;;https://www.kivano.kg//images/product/97910/1631809368_06181800.jpg
Сотовый телефон Itel it5026 зеленый;;https://www.kivano.kg//images/product/100727/1638267052_76004600.png
Сотовый телефон Apple iPhone 13 Pro 128GB графитовый;;https://www.kivano.kg//images/product/97912/1631811672_04783000.jpg
Сотовый телефон Itel it5026 синий;;https://www.kivano.kg//images/product/100728/1638267077_10640200.png
Сотовый телефон Realme 7i 4/128GB полярный синий;;https://www.kivano.kg//images/product/88953/1613404750_13715300.jpg
Сотовый телефон Apple iPhone 13 Pro 256GB графитовый;;https://www.kivano.kg//images/product/97913/1631811727_72990400.jpg
Сотовый телефон Realme 7i 4/128GB зеленый;;https://www.kivano.kg//images/product/88954/1613404904_44119500.jpg
Сотовый телефон Apple iPhone 13 Pro 512GB графитовый;;https://www.kivano.kg//images/product/97914/1631811752_45981000.jpg
Сотовый телефон Nokia 105 Dual sim (2019) синий;;https://www.kivano.kg//images/product/75387/1576667824_27740600.jpg
Сотовый телефон Philips Xenium E111 черный;;https://www.kivano.kg//images/product/96123/1628853261_80341300.jpg
Сотовый телефон Apple iPhone 13 Pro 1TB графитовый;;https://www.kivano.kg//images/product/97915/1631811801_57040900.jpg
Сотовый телефон Apple iPhone 13 Pro 128GB синий;;https://www.kivano.kg//images/product/97916/1631812105_74700200.jpg
Сотовый телефон Apple iPhone 12 Pro 128GB графитовый;;https://www.kivano.kg//images/product/85117/1602798150_12212600.jpg
Сотовый телефон Apple iPhone 13 Pro 256GB синий;;https://www.kivano.kg//images/product/97917/1631812125_61155400.jpg
Сотовый телефон Apple iPhone 12 Pro 128GB золотой;;https://www.kivano.kg//images/product/85118/1602798252_36512000.jpg
Сотовый телефон Apple iPhone 13 Pro 512GB синий;;https://www.kivano.kg//images/product/97918/1631812150_78203200.jpg
Сотовый телефон Itel it5312 синий;;https://www.kivano.kg//images/product/100734/1638268962_38413400.jpg
Сотовый телефон Apple iPhone 12 Pro 128GB синий;;https://www.kivano.kg//images/product/85119/1602798423_14851400.jpg
Сотовый телефон BQ BQ-2004 Ray черно-зеленый;;https://www.kivano.kg//images/product/85887/1605092934_26047500.jpg
Сотовый телефон Apple iPhone 13 Pro 1TB синий;;https://www.kivano.kg//images/product/97919/1631812173_61151400.jpg
Сотовый телефон Samsung Galaxy Note 20 8/256GB бронзовый;;https://www.kivano.kg//images/product/82560/1597133547_59854700.jpg
Сотовый телефон Apple iPhone 12 Pro 128GB серебристый;;https://www.kivano.kg//images/product/85120/1602798579_20659500.jpg
Сотовый телефон Apple iPhone 13 Pro 128GB золотой;;https://www.kivano.kg//images/product/97920/1631812515_32549200.jpg
Сотовый телефон Nokia 230 Dual Sim синий;;https://www.kivano.kg//images/product/75393/1576673544_72059700.jpg
Сотовый телефон Samsung Galaxy Note 20 8/256GB графитовый;;https://www.kivano.kg//images/product/82561/1597127899_76653100.jpg
Сотовый телефон Apple iPhone 12 Pro 256GB графитовый;;https://www.kivano.kg//images/product/85121/1643526658_69784400.jpg
Сотовый телефон BQ BQ-2004 Ray черно-оранжевый;;https://www.kivano.kg//images/product/85889/1605093053_06490400.jpg
Сотовый телефон Philips Xenium E172 черный;;https://www.kivano.kg//images/product/94337/1623759675_51311600.jpg
Сотовый телефон Apple iPhone 13 Pro 256GB золотой;;https://www.kivano.kg//images/product/97921/1631812534_01241800.jpg
Сотовый телефон Itel it5626 зеленый;;https://www.kivano.kg//images/product/100737/1638269695_81118300.jpg
Сотовый телефон Samsung Galaxy Note 20 8/256GB мятный;;https://www.kivano.kg//images/product/82562/1597128063_32149300.jpg
Сотовый телефон Xiaomi Redmi 9C 3/64GB серый;;https://www.kivano.kg//images/product/83330/1598627217_62522600.jpg
Сотовый телефон Apple iPhone 12 Pro 256GB золотой;;https://www.kivano.kg//images/product/85122/1643526693_36126800.jpg
Сотовый телефон BQ BQ-2004 Ray черный;;https://www.kivano.kg//images/product/85890/1605093127_09908400.jpg
Сотовый телефон Xiaomi Poco F3 NFC 8/256GB синий;;https://www.kivano.kg//images/product/94338/1623761538_03548600.jpg
Сотовый телефон Apple iPhone 13 Pro 512GB золотой;;https://www.kivano.kg//images/product/97922/1631812555_14859500.jpg
Сотовый телефон Itel it5631 черный;;https://www.kivano.kg//images/product/100738/1638271197_49688300.jpg
Сотовый телефон Xiaomi Redmi 9C 3/64GB синий;;https://www.kivano.kg//images/product/83331/1598637451_49522700.jpg
Сотовый телефон Apple iPhone 12 Pro 256GB синий;;https://www.kivano.kg//images/product/85123/1643526726_47185400.jpg
Сотовый телефон Xiaomi Poco F3 NFC 8/256GB белый;;https://www.kivano.kg//images/product/94339/1623761621_42130600.jpg
Сотовый телефон Apple iPhone 13 Pro 1TB золотой;;https://www.kivano.kg//images/product/97923/1631812579_92526600.jpg
Сотовый телефон Itel it5631 синий;;https://www.kivano.kg//images/product/100739/1638271225_69987200.jpg
Сотовый телефон Apple iPhone 12 Pro 256GB серебристый;;https://www.kivano.kg//images/product/85124/1643526766_27501400.jpg
Сотовый телефон Apple iPhone 13 Pro 128GB серебристый;;https://www.kivano.kg//images/product/97924/1631812897_18512100.jpg
Сотовый телефон Samsung Galaxy Note 20 Ultra 8/256GB бронзовый;;https://www.kivano.kg//images/product/82565/1597133164_31983300.jpg
Сотовый телефон Samsung Galaxy A12 (2021) 4/128GB (SM-A125F/DS) синий;;https://www.kivano.kg//images/product/90757/1617637716_53506400.jpg
Сотовый телефон Apple iPhone 13 Pro 256GB серебристый;;https://www.kivano.kg//images/product/97925/1631812919_12735000.jpg
Сотовый телефон Samsung Galaxy Note 20 Ultra 8/256GB черный;;https://www.kivano.kg//images/product/82566/1597133270_33105900.jpg
Сотовый телефон Samsung Galaxy A12 (2021) 4/128GB (SM-A125F/DS) красный;;https://www.kivano.kg//images/product/90758/1617637777_73289200.jpg
Сотовый телефон Apple iPhone 13 Pro 512GB серебристый;;https://www.kivano.kg//images/product/97926/1631812941_74663800.jpg
Сотовый телефон Samsung Galaxy Note 20 Ultra 8/256GB белый;;https://www.kivano.kg//images/product/82567/1597133390_10875000.jpg
Сотовый телефон Xiaomi Redmi 9C 3/64GB оранжевый;;https://www.kivano.kg//images/product/83335/1598706824_80451900.jpg
Сотовый телефон Apple iPhone 13 Pro 1TB серебристый;;https://www.kivano.kg//images/product/97927/1631812969_56523900.jpg
Сотовый телефон Xiaomi Poco X3 GT 8/128Gb черный;;https://www.kivano.kg//images/product/96392/1629229641_19015000.jpg
Сотовый телефон Apple iPhone 13 Pro Max 128GB графитовый;;https://www.kivano.kg//images/product/97928/1631814587_45720200.jpg
Сотовый телефон Samsung Galaxy Z Flip3 (2021) 8/256GB (SM-F711B) лавандовый;;https://www.kivano.kg//images/product/100744/1638332193_93369000.jpg
Сотовый телефон Samsung Galaxy Z Flip3 (2021) 8/256GB (SM-F711B) зеленый;;https://www.kivano.kg//images/product/100745/1638332722_61982500.jpg
Сотовый телефон Apple iPhone SE (2020) 64GB черный;;https://www.kivano.kg//images/product/78730/1587239994_19577000.jpg
Сотовый телефон BQ BQ-2449 Hammer зеленый;;https://www.kivano.kg//images/product/85898/1605094882_70653000.jpg
Сотовый телефон Samsung Galaxy A52 (2021) 4/128GB (SM-A525F/DS) черный;;https://www.kivano.kg//images/product/90506/1617181455_90314400.jpg
Сотовый телефон Xiaomi Poco X3 GT 8/256Gb черный;;https://www.kivano.kg//images/product/96394/1629230140_60337600.jpg
Сотовый телефон Apple iPhone 13 Pro Max 512GB графитовый;;https://www.kivano.kg//images/product/97930/1631814758_46780400.jpg
Сотовый телефон Samsung Galaxy Z Flip3 (2021) 8/256GB (SM-F711B) бежевый;;https://www.kivano.kg//images/product/100746/1638332868_15153300.jpg
Сотовый телефон Apple iPhone SE (2020) 128GB черный;;https://www.kivano.kg//images/product/78731/1587240316_29823700.jpg
Сотовый телефон BQ BQ-2449 Hammer оранжевый;;https://www.kivano.kg//images/product/85899/1605095006_20935400.jpg
Сотовый телефон Samsung Galaxy A52 (2021) 4/128GB (SM-A525F/DS) лавандовый;;https://www.kivano.kg//images/product/90507/1617181506_56559000.jpg
Сотовый телефон Xiaomi Poco X3 GT 8/256Gb белый;;https://www.kivano.kg//images/product/96395/1629230301_98132300.jpg
Сотовый телефон Apple iPhone 13 Pro Max 1TB графитовый;;https://www.kivano.kg//images/product/97931/1631814783_11680500.jpg
Сотовый телефон Nokia 215 4G Dual Sim зеленый;;https://www.kivano.kg//images/product/100747/1638332867_70700700.jpg
Сотовый телефон BQ BQ-2449 Hammer черный;;https://www.kivano.kg//images/product/85900/1605095180_19869000.jpg
Сотовый телефон Samsung Galaxy A52 (2021) 4/128GB (SM-A525F/DS) голубой;;https://www.kivano.kg//images/product/90508/1617181560_15137600.jpg
Сотовый телефон Apple iPhone 13 Pro Max 128GB серебристый;;https://www.kivano.kg//images/product/97932/1631815017_40412500.jpg
Сотовый телефон Nokia 215 4G Dual Sim черный;;https://www.kivano.kg//images/product/100748/1638332894_15415600.jpg
Сотовый телефон BQ BQ-3587 Disco Boom черный;;https://www.kivano.kg//images/product/85901/1605098664_11167500.jpg
Сотовый телефон Samsung Galaxy A52 (2021) 4/128GB (SM-A525F/DS) белый;;https://www.kivano.kg//images/product/90509/1617181667_40246000.jpg
Сотовый телефон Samsung Galaxy Z Flip3 (2021) 8/256GB (SM-F711B) черный;;https://www.kivano.kg//images/product/100749/1638333026_65399200.jpg
Сотовый телефон Apple iPhone SE (2020) 128GB красный;;https://www.kivano.kg//images/product/78734/1587240967_90749500.jpg
Сотовый телефон BQ BQ-3587 Disco Boom зеленый;;https://www.kivano.kg//images/product/85902/1605098898_93582300.jpg
Сотовый телефон Apple iPhone 13 Pro Max 512GB серебристый;;https://www.kivano.kg//images/product/97934/1631815062_95355800.jpg
Сотовый телефон Apple iPhone SE (2020) 64GB красный;;https://www.kivano.kg//images/product/78735/1587241523_11845600.jpg
Сотовый телефон BQ BQ-3587 Disco Boom синий;;https://www.kivano.kg//images/product/85903/1605099084_28044200.jpg
Сотовый телефон Apple iPhone 13 Pro Max 1TB серебристый;;https://www.kivano.kg//images/product/97935/1631815090_07595800.jpg
Сотовый телефон Apple iPhone SE (2020) 64GB белый;;https://www.kivano.kg//images/product/78736/1587241651_45821700.jpg
Сотовый телефон BQ BQ-3587 Disco Boom красный;;https://www.kivano.kg//images/product/85904/1605099196_90993400.jpg
Сотовый телефон Samsung Galaxy A32 (2021) 4/128GB (SM-A325F/DS) лавандовый;;https://www.kivano.kg//images/product/97424/1631111358_85638400.jpg
Сотовый телефон Apple iPhone 13 Pro Max 128GB золотой;;https://www.kivano.kg//images/product/97936/1631815397_03257100.jpg
Сотовый телефон Nokia 225 4G Dual Sim бежевый;;https://www.kivano.kg//images/product/100752/1638334579_18854500.jpg
Сотовый телефон Apple iPhone SE (2020) 128GB белый;;https://www.kivano.kg//images/product/78737/1587241787_51978300.jpg
Сотовый телефон Samsung Galaxy A32 (2021) 4/128GB (SM-A325F/DS) белый;;https://www.kivano.kg//images/product/97425/1631111404_30693000.jpg
Сотовый телефон Nokia 225 4G Dual Sim синий;;https://www.kivano.kg//images/product/100753/1638334595_90791300.jpg
Сотовый телефон Apple iPhone 13 Pro Max 512GB золотой;;https://www.kivano.kg//images/product/97938/1631815438_21561300.jpg
Сотовый телефон Nokia 225 4G Dual Sim черный;;https://www.kivano.kg//images/product/100754/1638334607_42252500.jpg
Сотовый телефон Inoi 283K черный;;https://www.kivano.kg//images/product/85651/1604470995_29043000.jpg
Сотовый телефон Apple iPhone 13 Pro Max 1TB золотой;;https://www.kivano.kg//images/product/97939/1631815462_62947400.jpg
Сотовый телефон Fly F+ S240 серый;;https://www.kivano.kg//images/product/85652/1604479139_25044800.jpg
Сотовый телефон Apple iPhone 13 Pro Max 128GB синий;;https://www.kivano.kg//images/product/97940/1631815790_23633000.jpg
Сотовый телефон Xiaomi 11 Lite 5G NE 8/128GB черный;;https://www.kivano.kg//images/product/98452/1632738290_42255500.jpg
Сотовый телефон Apple iPhone 12 Pro Max 128GB графитовый;;https://www.kivano.kg//images/product/85141/1602803767_51472800.jpg
Сотовый телефон Fly F+ S240 серебристый;;https://www.kivano.kg//images/product/85653/1604479246_77407500.jpg
Сотовый телефон BQ BQ-2824 Tank T черный;;https://www.kivano.kg//images/product/85909/1605103910_44521000.jpg
Сотовый телефон Xiaomi 11 Lite 5G NE 8/128GB голубой;;https://www.kivano.kg//images/product/98453/1632738411_72485600.jpg
Сотовый телефон Apple iPhone 12 Pro Max 128GB серебристый;;https://www.kivano.kg//images/product/85142/1602803834_81454100.jpg
Сотовый телефон Fly F+ B240 серый;;https://www.kivano.kg//images/product/85654/1604480520_11915800.jpg
Сотовый телефон BQ BQ-2824 Tank T синий камуфляж;;https://www.kivano.kg//images/product/85910/1605104257_24904600.jpg
Сотовый телефон Inoi 244Z хаки;;https://www.kivano.kg//images/product/95382/1626601985_39789100.jpg
Сотовый телефон Apple iPhone 13 Pro Max 512GB синий;;https://www.kivano.kg//images/product/97942/1631815845_04398500.jpg
Сотовый телефон Xiaomi 11 Lite 5G NE 8/128GB белый;;https://www.kivano.kg//images/product/98454/1632738474_29456300.jpg
Сотовый телефон Philips Xenium E580;;https://www.kivano.kg//images/product/66455/66455.jpg
Сотовый телефон Apple iPhone 12 Pro Max 128GB синий;;https://www.kivano.kg//images/product/85143/1602803921_97618700.jpg
Сотовый телефон Fly F+ B240 серебристый;;https://www.kivano.kg//images/product/85655/1604480609_02776200.jpg
Сотовый телефон BQ BQ-2824 Tank T зеленый;;https://www.kivano.kg//images/product/85911/1605104432_78438800.jpg
Сотовый телефон Inoi 244Z черный;;https://www.kivano.kg//images/product/95383/1626602248_71632400.jpg
Сотовый телефон Apple iPhone 13 Pro Max 1TB синий;;https://www.kivano.kg//images/product/97943/1631815871_23539100.jpg
Сотовый телефон Xiaomi Mi 11T 8/128GB белый;;https://www.kivano.kg//images/product/100759/1638336343_80720400.jpg
Сотовый телефон Apple iPhone 12 Pro Max 128GB золотой;;https://www.kivano.kg//images/product/85144/1602804016_38183900.jpg
Сотовый телефон Fly F+ S286 серый;;https://www.kivano.kg//images/product/85656/1604481877_65362200.jpg
Сотовый телефон BQ BQ-2824 Tank T серый камуфляж;;https://www.kivano.kg//images/product/85912/1605104535_51372100.jpg
Сотовый телефон Samsung Galaxy A22 (2021) 64GB (SM-A225F/DS) черный;;https://www.kivano.kg//images/product/95384/1626673206_90109300.jpg
Сотовый телефон Samsung Galaxy Z Fold2 12/256GB 5G бронзовый;;https://www.kivano.kg//images/product/101528/1639994709_33735700.jpg
Сотовый телефон Apple iPhone 12 Pro Max 256GB графитовый;;https://www.kivano.kg//images/product/85145/1602804151_77499200.jpg
Сотовый телефон Fly F+ S286 серебристый;;https://www.kivano.kg//images/product/85657/1604481986_53142200.jpg
Сотовый телефон Samsung Galaxy A22 (2021) 128GB (SM-A225F/DS) черный;;https://www.kivano.kg//images/product/95385/1626673273_71798600.jpg
Сотовый телефон Xiaomi Mi 11T 8/128GB серый;;https://www.kivano.kg//images/product/100761/1638336385_98873300.jpg
Сотовый телефон Apple iPhone 12 Pro Max 256GB серебристый;;https://www.kivano.kg//images/product/85146/1602804243_50272800.jpg
Сотовый телефон Apple iPhone 12 Pro Max 256GB синий;;https://www.kivano.kg//images/product/85147/1602804337_30477900.jpg
Сотовый телефон Xiaomi Mi 11T 8/256GB белый;;https://www.kivano.kg//images/product/100763/1638337007_70110900.jpg
Сотовый телефон Xiaomi Redmi 9A 2/32GB серый гранит;;https://www.kivano.kg//images/product/81820/1595752437_69165100.jpg
Сотовый телефон Apple iPhone 12 Pro Max 256GB золотой;;https://www.kivano.kg//images/product/85148/1602804437_06572500.jpg
Сотовый телефон Xiaomi Mi 11T 8/256GB голубой;;https://www.kivano.kg//images/product/100764/1638337017_78402700.jpg
Сотовый телефон Apple iPhone 12 Pro Max 512GB графитовый;;https://www.kivano.kg//images/product/85149/1602804591_78894400.jpg
Сотовый телефон Xiaomi Mi 11 Lite 5G 8/256GB мятный;;https://www.kivano.kg//images/product/101533/1639996346_77304200.jpg
Сотовый телефон Apple iPhone 12 Pro Max 512GB серебристый;;https://www.kivano.kg//images/product/85150/1602804703_07622200.jpg
Сотовый телефон Xiaomi Mi 11 Lite 5G 8/256GB желтый;;https://www.kivano.kg//images/product/101534/1639996509_53282600.jpg
Сотовый телефон Apple iPhone 12 Pro Max 512GB синий;;https://www.kivano.kg//images/product/85151/1602804825_23366500.jpg
Сотовый телефон Xiaomi Mi 11 Lite 5G 8/256GB черный;;https://www.kivano.kg//images/product/101535/1639996705_72463500.jpg
Сотовый телефон Apple iPhone 12 Pro Max 512GB золотой;;https://www.kivano.kg//images/product/85152/1602804943_68520500.jpg
Сотовый телефон Fly F+ F197;;https://www.kivano.kg//images/product/101536/1639997259_30734900.jpg
Сотовый телефон Xiaomi Mi 11 Lite 5G 8/128GB розовый;;https://www.kivano.kg//images/product/101537/1643525654_92681500.jpg
Сотовый телефон Apple iPhone 12 mini 64GB фиолетовый;;https://www.kivano.kg//images/product/102565/1642586545_69085300.jpg
Сотовый телефон Samsung Galaxy A03 Core 2/32 GB черный;;https://www.kivano.kg//images/product/101542/1640059744_04453000.png
Сотовый телефон Oppo A12 3/32GB синий;;https://www.kivano.kg//images/product/102566/1642476269_39039700.jpg
Сотовый телефон Xiaomi Redmi Note 10 5G 6/128GB серый;;https://www.kivano.kg//images/product/102567/1642477317_15428000.jpg
Сотовый телефон Xiaomi Redmi Note 10 4/128GB зеленый;;https://www.kivano.kg//images/product/90024/1615730152_34664600.jpg
Сотовый телефон ZTE Nubia Red Magic 6R 12/256GB серебристый;;https://www.kivano.kg//images/product/100776/1638352102_82393900.jpg
Сотовый телефон Samsung Galaxy A03 Core 2/32 GB синий;;https://www.kivano.kg//images/product/101544/1640059916_27738300.png
Сотовый телефон Xiaomi Redmi Note 10 4/128GB серый;;https://www.kivano.kg//images/product/90025/1615730184_62604400.jpg
Сотовый телефон ZTE Nubia Red Magic 6R 8/128GB черный;;https://www.kivano.kg//images/product/100777/1638352632_67853800.jpg
Сотовый телефон Xiaomi Redmi Note 10 4/128GB белый;;https://www.kivano.kg//images/product/90026/1615730223_55462700.jpg
Сотовый телефон Samsung Galaxy S21 Plus 5G 8/128GB Dual SIM розовый фантом;;https://www.kivano.kg//images/product/101546/1640061644_83602400.jpg
Сотовый телефон HTC Wildfire E 2/32Gb черный;;https://www.kivano.kg//images/product/90027/1615733523_33745100.jpg
Сотовый телефон Xiaomi Poco X3 Pro 6/128GB черный;;https://www.kivano.kg//images/product/91051/1618681561_14669700.jpg
Сотовый телефон HTC Wildfire E 2/32Gb золотой;;https://www.kivano.kg//images/product/90028/1615733526_10401900.jpg
Сотовый телефон Xiaomi Poco X3 Pro 6/128GB синий;;https://www.kivano.kg//images/product/91052/1618681977_57581800.jpg
Сотовый телефон Samsung Galaxy S21 Plus 5G 8/128GB Dual SIM красный фантом;;https://www.kivano.kg//images/product/101548/1640062121_68631000.jpg
Сотовый телефон Xiaomi 11T Pro 8/128GB белый;;https://www.kivano.kg//images/product/102572/1642481588_32743300.png
Сотовый телефон HTC Wildfire E2 4/64Gb черный;;https://www.kivano.kg//images/product/90029/1615734456_46436000.jpg
Сотовый телефон Xiaomi Poco X3 Pro 6/128GB бронзовый;;https://www.kivano.kg//images/product/91053/1618682117_17965400.jpg
Сотовый телефон Xiaomi Redmi 9C 4/128GB оранжевый;;https://www.kivano.kg//images/product/96685/1629783962_21763300.jpg
Сотовый телефон Samsung Galaxy S21 Plus 5G 8/256GB Dual SIM розовый фантом;;https://www.kivano.kg//images/product/101549/1640062590_57674900.jpg
Сотовый телефон Xiaomi 11T Pro 8/128GB серый;;https://www.kivano.kg//images/product/102573/1642481642_74567100.png
Сотовый телефон HTC Wildfire E2 4/64Gb синий;;https://www.kivano.kg//images/product/90030/1615734495_48681000.jpg
Сотовый телефон Samsung Galaxy S21 Plus 5G 8/256GB Dual SIM красный фантом;;https://www.kivano.kg//images/product/101550/1640062719_48112700.jpg
Сотовый телефон Meizu M10 2/32GB черный;;https://www.kivano.kg//images/product/90031/1615737550_56915500.jpg
Сотовый телефон Xiaomi Redmi 9C 4/128GB фиолетовый;;https://www.kivano.kg//images/product/101551/1640062893_34567000.png
Сотовый телефон Meizu M10 2/32GB синий;;https://www.kivano.kg//images/product/90032/1615737645_08628500.jpg
Сотовый телефон Xiaomi Redmi 9C 4/128GB синий;;https://www.kivano.kg//images/product/95920/1628159108_01717700.jpg
Сотовый телефон Samsung Galaxy S21 Ultra 5G 12/128GB Dual SIM бронзовый фантом;;https://www.kivano.kg//images/product/101552/1640067218_46016500.jpeg
Сотовый телефон Inoi 281 черный;;https://www.kivano.kg//images/product/76721/1581337660_75163000.jpg
Сотовый телефон Meizu M10 2/32GB красный;;https://www.kivano.kg//images/product/90033/1615737698_26785700.jpg
Сотовый телефон Xiaomi Redmi Note 10 Pro 8/128GB бронзовый;;https://www.kivano.kg//images/product/91057/1618687131_02738000.jpg
Сотовый телефон Nokia 105 (2019) черный;;https://www.kivano.kg//images/product/95921/1628175149_90717500.jpg
Сотовый телефон Samsung Galaxy S21 Ultra 5G 12/128GB Dual SIM титановый фантом;;https://www.kivano.kg//images/product/101553/1640063492_75134200.jpg
Сотовый телефон Meizu M10 3/32GB черный;;https://www.kivano.kg//images/product/90034/1615737953_84382600.jpg
Сотовый телефон Xiaomi Redmi Note 10 Pro 8/128GB серый;;https://www.kivano.kg//images/product/91058/1618687168_96298000.jpg
Сотовый телефон Samsung Galaxy S21 Ultra 5G 12/128GB Dual SIM синий фантом;;https://www.kivano.kg//images/product/101554/1640063728_25582500.jpg
Сотовый телефон Meizu M10 3/32GB синий;;https://www.kivano.kg//images/product/90035/1615738105_96625700.jpg
Сотовый телефон Xiaomi Redmi Note 10 Pro 8/128GB голубой;;https://www.kivano.kg//images/product/91059/1618687301_57639800.jpg
Сотовый телефон Meizu M10 3/32GB красный;;https://www.kivano.kg//images/product/90036/1615738140_92462800.jpg
Сотовый телефон Itel it6320 серый;;https://www.kivano.kg//images/product/95924/1628178190_91818400.jpg
Сотовый телефон Samsung Galaxy A22 (2021) 128GB (SM-A225F/DS) фиолетовый;;https://www.kivano.kg//images/product/98740/1632995052_50218400.jpg
Сотовый телефон Itel A25 фиолетовый;;https://www.kivano.kg//images/product/101556/1640066729_15082200.jpg
Сотовый телефон Samsung Galaxy A32 (2021) 4/128GB (SM-A325F/DS) черный;;https://www.kivano.kg//images/product/90037/1615747237_55786500.jpg
Сотовый телефон Samsung Galaxy S21 Ultra 5G 12/256GB Dual SIM титановый фантом;;https://www.kivano.kg//images/product/101557/1640066833_95963500.jpg
Сотовый телефон Philips Xenium E125;;https://www.kivano.kg//images/product/69814/69814.jpg
Сотовый телефон Samsung Galaxy A32 (2021) 4/128GB (SM-A325F/DS) голубой;;https://www.kivano.kg//images/product/90038/1615747266_70102100.jpg
Сотовый телефон Itel it5312 зеленый;;https://www.kivano.kg//images/product/95926/1628184606_43388700.jpg
Сотовый телефон Samsung Galaxy A03s (2021) 3/32GB (SM-A037F/DS) белый;;https://www.kivano.kg//images/product/98230/1632326268_80220300.jpg
Сотовый телефон Samsung Galaxy S21 Ultra 5G 12/256GB Dual SIM синий фантом;;https://www.kivano.kg//images/product/101558/1640067093_19899500.jpg
Сотовый телефон Samsung Galaxy A32 (2021) 6/128GB (SM-A325F/DS) черный;;https://www.kivano.kg//images/product/91063/1618759682_30063600.jpg
Сотовый телефон Samsung Galaxy A03s (2021) 3/32GB (SM-A037F/DS) синий;;https://www.kivano.kg//images/product/98231/1632326351_13187800.jpg
Сотовый телефон Samsung Galaxy S21 Ultra 5G 12/256GB Dual SIM бронзовый фантом;;https://www.kivano.kg//images/product/101559/1640067314_15943300.jpeg
Сотовый телефон Samsung Galaxy A32 (2021) 6/128GB (SM-A325F/DS) белый;;https://www.kivano.kg//images/product/91064/1618759750_84450100.jpg
Сотовый телефон Itel it5026 черный;;https://www.kivano.kg//images/product/95928/1628186180_49269000.jpg
Сотовый телефон Samsung Galaxy A03s (2021) 3/32GB (SM-A037F/DS) черный;;https://www.kivano.kg//images/product/98232/1632326417_29090600.jpg
Сотовый телефон Itel A17 голубой;;https://www.kivano.kg//images/product/101560/1640067352_79723100.jpg
Сотовый телефон Samsung Galaxy A32 (2021) 6/128GB (SM-A325F/DS) голубой;;https://www.kivano.kg//images/product/91065/1618759798_76777500.jpg
Сотовый телефон Apple iPhone 12 mini 128GB фиолетовый;;https://www.kivano.kg//images/product/98233/1642586582_28810700.jpg
Сотовый телефон Itel A48 фиолетовый;;https://www.kivano.kg//images/product/101561/1640068040_84967200.jpg
Сотовый телефон Samsung Galaxy A32 (2021) 6/128GB (SM-A325F/DS) лавандовый;;https://www.kivano.kg//images/product/91066/1618759836_26747400.jpg
Сотовый телефон Nokia 106 (2018);;https://www.kivano.kg//images/product/63418/63418.jpg
Сотовый телефон Itel Vision 1 Pro синий;;https://www.kivano.kg//images/product/101563/1640069123_75143200.jpg
Сотовый телефон Apple iPhone 12 128GB фиолетовый;;https://www.kivano.kg//images/product/97724/1631530307_37107700.jpg
Сотовый телефон Xiaomi Mi 11i 8/256GB черный;;https://www.kivano.kg//images/product/97725/1631531480_43732500.jpg
Сотовый телефон Realme C3 3/32GB серый;;https://www.kivano.kg//images/product/85438/1603788962_41453700.jpg
Сотовый телефон Realme C3 3/32GB красный;;https://www.kivano.kg//images/product/85440/1603789061_49507600.jpg
Сотовый телефон Samsung Galaxy S21 Ultra 5G 12/128GB Dual SIM (SM-G998B/DS) черный фантом;;https://www.kivano.kg//images/product/90048/1615817564_15375400.jpg
Сотовый телефон Xiaomi Poco X3 Pro 8/256GB синий;;https://www.kivano.kg//images/product/91072/1618767945_03555600.jpg
Сотовый телефон Realme C3 3/32GB голубой;;https://www.kivano.kg//images/product/85442/1603789253_98753100.jpg
Сотовый телефон Samsung Galaxy F12 (2021) 4/64GB (SM-F127F/DS) небесно-голубой;;https://www.kivano.kg//images/product/100035/1636387521_60259600.jpg
Сотовый телефон Inoi 243 черный;;https://www.kivano.kg//images/product/74696/1574772991_32879400.jpg
Сотовый телефон Ark Benefit U4;;https://www.kivano.kg//images/product/85450/1603791669_05152400.jpg
Сотовый телефон Samsung Galaxy Note 20 5G 8/256GB бронзовый;;https://www.kivano.kg//images/product/98508/1632814082_72665600.jpg
Сотовый телефон Samsung Galaxy Note 20 5G 8/256GB мятный;;https://www.kivano.kg//images/product/98509/1632814295_37959300.jpg
Сотовый телефон Xiaomi Poco M3 Pro 5G 4/64GB черный;;https://www.kivano.kg//images/product/93646/1623004444_71335600.jpg
Название;Цена;Ссылка
Сотовый телефон BRAVIS Light черный;;https://www.kivano.kg//images/product/27136/27136.jpg
Сотовый телефон BRAVIS A552 Joy Max серый;;https://www.kivano.kg//images/product/40706/40706.jpg
Сотовый телефон BRAVIS Next черный;;https://www.kivano.kg//images/product/27139/27139.jpg
Сотовый телефон BRAVIS Trend черный;;https://www.kivano.kg//images/product/27142/27142.jpg
Сотовый телефон BRAVIS Trend белый;;https://www.kivano.kg//images/product/27143/27143.jpg
Сотовый телефон Philips Xenium V526 LTE синий;;https://www.kivano.kg//images/product/27150/27150.jpg
Сотовый телефон BRAVIS A504 Trace черный;;https://www.kivano.kg//images/product/39000/39000.jpg
Сотовый телефон BRAVIS A504 Trace золотой;;https://www.kivano.kg//images/product/39001/39001.jpg
Сотовый телефон BRAVIS A504 Trace белый;;https://www.kivano.kg//images/product/39002/39002.jpg
Сотовый телефон Philips S326 серый;;https://www.kivano.kg//images/product/39006/39006.jpg
Сотовый телефон BRAVIS A505 Joy Plus белый;;https://www.kivano.kg//images/product/40544/40544.jpg
Сотовый телефон Ergo A551 Sky синий;;https://www.kivano.kg///avatars.mds.yandex.net/get-mpic/96484/img_id7837171693509932706/9
Сотовый телефон Apple iPhone 13 Pro Max 256GB графитовый;;https://www.kivano.kg//images/product/97929/1631814606_50121700.jpg
Сотовый телефон Apple iPhone 13 Pro Max 256GB серебристый;;https://www.kivano.kg//images/product/97933/1631815040_09605500.jpg
Сотовый телефон Apple iPhone 13 Pro Max 256GB золотой;;https://www.kivano.kg//images/product/97937/1631815413_16996800.jpg
Сотовый телефон Apple iPhone 13 Pro Max 256GB синий;;https://www.kivano.kg//images/product/97941/1631815819_31816700.jpg
Сотовый телефон ASUS Fonepad Note 6 16Gb черный;;https://www.kivano.kg//images/product/31395/31395.jpg
Смартфон iLife itell S500S серебристый;;https://www.kivano.kg//images/product/19401/19401.jpg
Сотовый телефон BRAVIS A503 Joy черный;;https://www.kivano.kg//images/product/34265/34265.jpg
Сотовый телефон BRAVIS A503 Joy золотой;;https://www.kivano.kg//images/product/34266/34266.jpg
